CustomerID,Gender,Age,Geography,Tenure,Balance,NumOfProducts,HasCrCard,IsActiveMember,EstimatedSalary,Exited
0001,Male,34,Spain,0,112079.76,3,0,1,84948.69,1
0002,Female,26,Germany,6,127608.12,4,1,0,98945.27,0
0003,Male,50,France,7,156648.13,1,0,1,37508.18,0
0004,Male,37,Germany,2,231595.65,1,0,1,39644.42,0
0005,Male,30,Germany,4,4779.02,4,1,0,15809.63,0
0006,Female,45,France,0,119210.87,2,1,1,55089.45,0
0007,Male,65,France,6,171930.51,2,0,0,88364.25,0
0008,Male,46,Germany,4,180676.74,1,1,1,130110.89,0
0009,Male,30,France,7,173133.11,3,1,0,103369.84,0
0010,Female,63,Spain,7,33608.78,2,1,0,70955.49,1
0011,Male,52,Spain,8,74848.9,3,1,1,143436.82,1
0012,Male,23,France,6,89678.88,2,0,0,110694.33,0
0013,Male,35,Germany,10,201109.3,2,1,1,140223.13,0
0014,Male,68,France,0,69689.97,3,0,0,83862.32,0
0015,Female,22,France,2,52676.24,4,0,0,46246.6,1
0016,Male,64,Germany,7,239362.0,2,0,0,17395.74,0
0017,Female,42,Germany,2,2215.82,2,0,1,111651.88,0
0018,Female,19,Spain,7,249455.21,3,1,1,26982.42,0
0019,Female,27,Germany,0,169205.32,4,1,0,52388.52,0
0020,Male,47,Spain,4,207117.32,2,1,1,84545.93,0
0021,Female,67,Germany,3,73654.85,2,0,0,89018.32,0
0022,Male,62,France,4,3578.82,4,0,1,94081.65,0
0023,Female,22,Spain,7,184467.38,2,0,1,33275.75,0
0024,Female,50,Spain,9,208536.15,4,1,0,63163.24,0
0025,Female,18,Spain,3,185119.03,4,0,0,96407.19,0
0026,Female,35,France,10,35712.57,3,1,0,145774.64,1
0027,Female,49,France,3,188356.98,1,1,0,111868.36,0
0028,Female,64,France,2,192230.7,4,1,0,139164.53,1
0029,Female,66,France,6,164635.13,3,1,1,116709.69,0
0030,Female,28,France,2,191528.98,1,0,1,92840.38,0
0031,Male,38,Spain,2,211480.36,2,1,0,36883.27,0
0032,Male,43,France,10,153401.03,1,0,0,103335.99,0
0033,Female,42,Spain,9,22151.18,4,1,0,97273.14,0
0034,Female,39,France,4,121906.95,4,0,1,94345.68,0
0035,Female,44,Germany,4,19412.33,4,0,0,78570.02,0
0036,Male,66,Spain,5,101885.76,4,1,0,84011.92,0
0037,Female,30,Germany,7,101776.62,4,1,1,56821.95,1
0038,Male,50,Spain,9,16502.46,3,1,1,82703.78,1
0039,Male,51,Germany,5,87205.13,4,0,1,37657.83,0
0040,Male,58,France,0,27749.52,3,1,1,122724.42,1
0041,Male,52,France,7,202058.8,2,1,0,36008.77,0
0042,Male,18,France,7,236922.01,4,0,1,21895.28,0
0043,Female,38,Spain,8,18079.12,4,1,1,71074.44,1
0044,Female,65,Germany,8,238778.8,1,0,0,102163.04,0
0045,Female,23,France,1,130644.15,2,1,0,71280.36,0
0046,Female,45,Germany,1,74891.42,4,0,0,48745.58,0
0047,Female,34,Germany,2,19215.52,4,0,1,88143.97,1
0048,Male,22,France,0,125156.07,2,1,0,58580.33,1
0049,Female,48,France,3,198628.89,3,0,1,140601.48,0
0050,Female,22,Germany,3,176771.62,4,1,1,139170.32,0
0051,Male,55,France,8,12556.5,1,1,1,80332.05,0
0052,Female,20,France,8,18225.46,4,0,0,55903.76,0
0053,Male,40,France,8,100718.32,1,1,1,113198.54,0
0054,Female,54,Spain,9,73822.62,1,0,0,15139.81,0
0055,Male,54,Germany,6,58096.08,4,0,0,76467.66,0
0056,Female,27,Germany,1,70251.12,4,0,0,57085.28,0
0057,Female,27,Spain,9,200870.69,1,0,1,138875.02,0
0058,Male,36,Germany,4,232307.01,2,0,1,11680.42,0
0059,Male,34,France,3,101275.67,2,0,1,87394.08,1
0060,Male,38,Germany,10,226527.75,4,0,0,113692.9,0
0061,Male,31,France,7,80373.93,3,0,1,77902.52,0
0062,Male,26,Spain,1,119109.25,2,1,1,21956.42,0
0063,Male,63,France,5,56507.25,4,1,1,146144.59,0
0064,Male,18,Germany,4,160119.01,2,0,1,82521.46,0
0065,Male,68,Germany,1,244745.28,3,1,1,95986.07,0
0066,Female,62,Germany,10,150873.27,4,1,0,43125.37,0
0067,Female,30,Spain,9,89453.52,3,1,0,77689.73,0
0068,Male,21,Spain,0,161954.36,4,1,0,70080.93,0
0069,Female,18,Germany,7,30730.17,3,1,0,20485.42,0
0070,Female,66,France,1,222164.77,2,1,1,24862.45,1
0071,Female,57,Spain,6,125770.99,2,0,0,127246.15,0
0072,Female,49,Germany,8,112337.44,3,1,1,43574.79,0
0073,Male,51,Germany,8,146466.2,3,1,0,37294.16,0
0074,Female,45,Spain,7,156195.97,3,1,0,80687.6,0
0075,Male,48,Spain,10,17943.95,4,1,0,117624.6,0
0076,Female,25,Spain,9,170654.31,2,0,1,18672.51,0
0077,Female,56,France,8,60482.92,4,0,1,90753.11,0
0078,Female,43,France,1,178488.16,2,0,0,26689.46,0
0079,Male,51,Germany,5,205633.7,1,0,1,15104.55,0
0080,Female,20,Spain,3,200989.63,4,1,0,17384.15,0
0081,Male,67,France,3,138125.24,2,0,0,126782.98,0
0082,Female,29,Spain,4,130042.47,2,0,0,26516.15,0
0083,Male,18,Germany,2,35718.99,4,0,1,16321.19,0
0084,Female,61,France,0,193836.54,4,0,0,71305.98,0
0085,Male,22,France,7,67852.35,2,1,0,128159.09,0
0086,Male,47,France,4,124173.86,4,0,0,46737.17,1
0087,Female,47,Germany,2,71068.52,3,1,1,69039.77,0
0088,Male,34,Spain,9,33457.09,4,0,0,15589.15,1
0089,Female,65,France,6,157389.42,4,1,1,72870.99,0
0090,Female,64,Germany,6,13583.01,4,1,0,90865.83,0
0091,Female,40,Spain,0,187161.31,2,0,1,89926.99,0
0092,Female,32,Germany,8,79396.7,3,0,0,56539.74,1
0093,Female,54,Spain,1,33.67,1,0,0,54174.65,0
0094,Female,38,Germany,4,127782.28,1,0,1,24927.31,0
0095,Female,31,Spain,4,11712.98,3,1,1,61351.76,0
0096,Female,19,France,7,69042.39,3,1,0,23929.25,0
0097,Female,28,Spain,7,176744.12,3,0,1,117323.43,0
0098,Female,68,Germany,6,15672.41,2,0,0,145278.4,1
0099,Female,56,Germany,6,209834.62,1,1,0,145810.42,1
0100,Male,55,Spain,10,954.98,3,0,0,131109.95,0
0101,Male,51,France,5,61705.97,2,1,1,94110.9,1
0102,Female,55,France,5,185226.01,1,0,0,108121.2,0
0103,Female,67,Spain,10,79067.54,4,1,1,49928.81,0
0104,Female,51,Spain,8,25473.1,2,1,0,98307.86,0
0105,Female,35,Germany,5,90058.48,1,1,1,73790.94,0
0106,Female,47,France,1,67598.32,2,1,1,77482.43,1
0107,Female,32,Spain,1,210677.98,1,1,0,116088.72,0
0108,Female,44,France,4,78336.98,1,0,1,49468.57,0
0109,Female,68,Spain,3,197233.12,4,1,0,54525.55,0
0110,Male,51,Spain,10,222968.04,2,0,0,139449.85,0
0111,Female,69,France,1,108454.35,3,1,0,17871.4,0
0112,Male,55,Spain,2,227485.79,4,1,0,77988.8,1
0113,Female,50,Spain,6,94329.51,4,0,0,137792.11,1
0114,Female,41,Germany,7,241019.6,1,0,1,95450.82,0
0115,Male,32,Spain,5,22322.38,3,0,0,86496.99,0
0116,Female,47,Spain,10,171754.82,2,0,1,44964.19,0
0117,Male,59,Spain,4,123453.51,3,1,1,58058.57,0
0118,Female,68,Germany,0,96912.2,3,0,0,129286.78,0
0119,Female,34,France,7,158177.97,3,1,1,88290.54,0
0120,Male,22,Germany,2,175964.27,3,0,0,82063.91,0
0121,Female,46,Germany,5,1090.82,3,0,1,23941.16,0
0122,Male,21,France,2,41738.27,1,1,1,12243.94,0
0123,Female,27,Germany,6,178261.51,1,1,1,144915.93,0
0124,Male,34,France,6,166596.35,4,0,0,62778.06,0
0125,Male,27,Germany,8,241511.88,1,1,1,94449.83,0
0126,Female,34,France,4,190259.45,4,1,0,21160.11,1
0127,Female,37,Spain,7,237693.18,4,1,1,105636.0,0
0128,Male,41,Germany,9,175635.13,2,1,1,140559.34,1
0129,Female,22,Germany,9,74513.05,3,1,1,90593.14,0
0130,Female,51,Germany,7,26341.23,1,1,1,27656.15,0
0131,Female,23,Germany,0,195455.97,2,1,0,91441.01,0
0132,Male,19,Spain,4,161037.31,1,1,0,117288.61,1
0133,Male,30,Germany,2,12046.5,4,0,1,66898.32,0
0134,Male,60,Spain,0,90012.62,1,1,1,133177.28,0
0135,Male,60,Spain,3,239199.95,3,0,0,100815.61,0
0136,Male,65,Spain,7,125100.29,4,1,0,135894.85,0
0137,Male,28,Spain,2,108182.28,4,1,0,97290.74,0
0138,Male,68,France,9,114424.9,2,1,0,28380.32,1
0139,Male,64,France,1,52220.68,3,1,1,53356.84,0
0140,Male,40,Germany,10,92176.79,4,0,1,38251.29,0
0141,Female,33,France,8,92453.31,3,0,0,137235.71,0
0142,Male,48,France,9,13088.76,1,1,0,116456.01,0
0143,Female,28,Germany,4,191891.91,3,0,0,104695.77,0
0144,Female,33,Germany,6,104126.11,4,1,0,52135.28,0
0145,Female,25,Germany,10,205544.97,2,1,0,35766.27,0
0146,Male,21,France,10,212587.0,4,0,0,115903.15,0
0147,Male,57,France,1,52998.51,3,0,1,76382.11,0
0148,Male,21,Germany,8,164338.37,3,1,1,41610.54,1
0149,Male,42,Spain,8,118070.45,4,1,1,96327.08,0
0150,Female,20,Germany,3,220039.18,3,0,0,15646.74,0
0151,Male,49,Spain,3,53935.17,1,1,0,55663.84,0
0152,Male,20,Spain,5,169453.3,4,0,0,75597.98,0
0153,Male,44,Germany,9,151938.03,2,1,1,30714.17,0
0154,Male,46,Germany,9,73825.37,4,1,0,147851.63,0
0155,Male,49,Germany,9,34150.23,1,0,0,39273.63,0
0156,Female,67,France,5,162909.94,1,0,1,28249.44,1
0157,Male,68,Spain,0,184649.36,1,0,0,38494.88,0
0158,Female,36,France,8,78906.84,1,1,1,117668.56,0
0159,Male,38,France,1,161208.15,1,1,1,69570.79,0
0160,Female,22,Germany,4,98782.73,2,1,0,89158.23,0
0161,Male,35,France,8,178301.72,3,1,1,12941.28,0
0162,Male,45,Germany,3,49803.82,1,0,0,14820.38,1
0163,Female,59,Spain,10,222553.75,1,1,1,72415.58,0
0164,Female,39,Germany,2,71852.4,4,1,0,124331.73,0
0165,Female,38,France,6,91946.5,2,1,1,133933.44,0
0166,Male,23,France,5,14522.99,2,0,0,22138.92,0
0167,Female,18,Germany,7,27878.05,3,1,1,85370.83,0
0168,Male,22,Germany,2,128965.48,2,1,1,137852.16,0
0169,Male,58,France,4,66898.17,4,0,1,64316.19,0
0170,Female,29,Spain,9,208870.06,4,1,0,126139.22,0
0171,Female,43,Spain,3,3673.35,3,1,0,28717.39,0
0172,Male,63,Germany,3,94773.51,4,0,1,140955.23,1
0173,Male,51,Spain,3,84336.39,1,1,0,115199.26,0
0174,Female,66,France,9,4831.91,1,1,1,141786.81,1
0175,Female,31,Germany,7,31092.1,4,1,0,104726.41,0
0176,Female,43,France,5,103410.67,3,0,1,60876.55,0
0177,Male,62,France,2,123216.15,2,1,0,141345.36,0
0178,Male,44,Spain,9,101072.44,3,1,1,48579.35,0
0179,Male,26,Germany,4,132734.42,2,0,1,56504.15,0
0180,Male,43,Germany,5,148782.92,4,0,1,108113.18,0
0181,Male,64,Spain,4,2480.96,4,1,1,117144.28,0
0182,Male,39,France,5,116023.79,1,1,0,140116.49,1
0183,Female,64,France,7,240874.81,2,1,1,38672.34,0
0184,Male,47,France,6,129758.07,3,1,0,121719.72,0
0185,Male,60,France,4,169385.57,4,0,0,113396.45,0
0186,Male,65,Germany,9,77965.96,3,1,1,18931.24,1
0187,Female,34,Germany,5,193497.84,1,0,0,64211.24,0
0188,Male,43,Spain,3,193230.37,2,0,0,49587.16,0
0189,Male,53,Spain,8,130324.01,2,1,0,52628.66,0
0190,Female,18,Germany,3,244003.46,4,1,1,147612.56,0
0191,Male,25,Germany,0,31387.55,2,0,0,99988.84,1
0192,Male,66,France,6,4236.92,4,0,0,110474.66,0
0193,Male,52,France,6,192539.55,1,1,1,146726.47,0
0194,Male,69,Spain,3,201788.88,2,0,1,62808.25,1
0195,Male,32,Germany,2,30051.81,4,1,0,122257.62,0
0196,Female,64,Spain,7,66395.71,3,1,1,70834.33,0
0197,Female,39,Germany,4,4388.09,4,0,0,131734.71,0
0198,Female,31,France,9,73327.15,2,0,0,35292.06,0
0199,Male,43,Spain,6,193285.47,1,1,0,142676.06,0
0200,Male,45,Spain,3,129490.13,2,0,1,40628.04,0
0201,Male,40,Germany,3,87023.9,2,1,0,55670.87,0
0202,Female,31,France,7,92934.82,4,1,1,115866.91,0
0203,Male,41,Spain,7,338.41,3,1,1,65125.72,0
0204,Male,19,France,1,74950.13,2,0,0,95149.59,1
0205,Female,62,Spain,1,161614.69,3,1,1,72240.29,0
0206,Male,43,France,2,243548.61,4,1,1,113931.79,0
0207,Female,31,Germany,2,211765.21,3,1,1,41966.38,0
0208,Female,68,Spain,0,5898.74,4,1,1,18184.12,0
0209,Female,24,Spain,2,224640.15,1,1,1,51990.12,0
0210,Male,20,France,5,195799.6,3,1,0,76403.21,0
0211,Male,64,France,7,195094.03,3,1,1,33522.81,0
0212,Male,40,Spain,9,114498.94,1,1,0,59671.62,0
0213,Male,63,Germany,5,99501.32,3,1,0,65997.62,0
0214,Male,60,France,4,75728.93,1,1,0,18034.86,0
0215,Male,64,France,3,16423.71,2,1,0,91663.01,0
0216,Male,62,France,2,57058.84,4,0,0,133808.08,1
0217,Female,35,Spain,3,61650.91,1,1,0,31244.01,0
0218,Male,55,Spain,6,121019.27,3,1,1,93693.12,0
0219,Female,52,Spain,0,186861.1,1,1,1,103063.49,0
0220,Male,68,Spain,6,118452.46,3,0,1,68706.86,1
0221,Male,32,Germany,0,14461.11,2,1,0,108153.66,0
0222,Male,42,Germany,1,239447.45,1,0,1,67502.42,0
0223,Female,54,Spain,3,235681.08,2,1,1,80649.22,0
0224,Female,45,Germany,0,196297.39,4,1,1,11029.43,1
0225,Female,27,France,10,247831.98,3,0,0,106840.82,0
0226,Female,56,France,10,136120.58,3,1,1,102587.98,0
0227,Male,34,France,10,240692.09,2,0,0,15376.12,1
0228,Female,56,Spain,8,18901.26,4,0,1,61555.02,1
0229,Male,39,France,5,91420.19,1,1,0,147064.46,1
0230,Male,43,Germany,0,56345.32,1,1,0,68903.12,0
0231,Female,61,Spain,0,48958.27,3,1,0,80272.36,0
0232,Female,42,Germany,5,35200.74,2,1,1,137390.22,0
0233,Female,34,France,3,155603.41,2,0,1,110416.66,0
0234,Female,30,France,3,195330.46,1,0,0,91489.82,0
0235,Female,37,France,10,144574.6,4,1,1,121692.66,0
0236,Female,42,Spain,5,36740.68,4,0,0,131011.28,0
0237,Female,21,Germany,10,202780.94,1,0,0,73964.33,0
0238,Female,27,Spain,6,158988.68,1,1,1,76515.17,0
0239,Male,20,Spain,8,97041.43,2,0,1,64047.13,0
0240,Female,58,France,9,168532.57,4,0,1,145338.86,0
0241,Female,62,Spain,4,64976.24,1,1,0,107603.28,0
0242,Male,35,Spain,8,86298.05,1,0,0,21651.23,0
0243,Female,64,France,3,229371.46,3,1,1,130814.35,0
0244,Male,53,Spain,9,72626.13,1,0,0,77278.39,0
0245,Male,64,France,1,117497.07,1,1,1,19625.55,0
0246,Female,39,France,2,222535.28,4,0,0,86960.42,0
0247,Male,51,France,10,176930.34,2,0,1,68403.0,1
0248,Male,64,France,0,15550.81,4,1,1,132884.92,0
0249,Male,25,Spain,5,36825.76,2,1,0,38559.24,0
0250,Male,57,France,5,1960.4,3,1,1,125705.05,1
0251,Female,66,France,0,157730.45,1,1,1,88076.42,0
0252,Male,61,Spain,10,111918.36,3,0,0,17645.44,1
0253,Female,36,Spain,2,33568.71,2,0,1,146058.34,1
0254,Male,59,Germany,4,239483.53,4,0,0,81766.13,0
0255,Male,58,Spain,2,132414.93,4,1,1,50722.76,1
0256,Male,54,Spain,9,60473.32,3,0,0,75716.96,0
0257,Male,23,Germany,2,125150.89,2,0,1,130100.09,0
0258,Female,69,Spain,9,169905.08,3,1,1,52686.44,0
0259,Female,43,Spain,2,19059.8,3,1,1,36974.7,0
0260,Male,51,Spain,4,68675.95,1,0,1,28069.97,1
0261,Male,62,Spain,4,201741.37,3,1,0,51700.32,0
0262,Female,23,Germany,3,114916.22,1,0,0,119206.73,0
0263,Male,54,Spain,0,136644.29,1,0,0,76027.69,0
0264,Male,50,Spain,4,108204.0,4,1,0,41847.42,0
0265,Male,39,Germany,9,10974.99,1,0,0,33265.9,0
0266,Female,38,France,4,41437.44,1,1,0,56582.13,0
0267,Female,23,Germany,3,111385.41,4,1,0,141589.41,1
0268,Female,23,France,5,52296.37,3,0,1,58023.74,0
0269,Male,65,Germany,9,12494.76,2,0,1,148337.37,1
0270,Male,21,Germany,3,210912.42,2,0,1,77932.26,0
0271,Female,47,Spain,6,245298.13,2,1,1,35082.95,0
0272,Female,28,France,6,198285.72,3,0,0,134759.61,0
0273,Female,47,Spain,1,213446.23,1,1,0,74449.75,0
0274,Female,48,France,2,60494.28,2,1,0,109353.99,0
0275,Male,41,Germany,0,240156.74,3,0,1,147719.62,1
0276,Female,26,Germany,7,49231.43,1,1,0,17024.55,0
0277,Male,20,France,8,237857.45,4,0,1,23537.24,1
0278,Female,68,Spain,3,248704.82,2,0,0,110863.94,0
0279,Male,48,Spain,5,177930.7,1,0,0,49455.5,0
0280,Female,57,Spain,8,245285.93,2,0,0,35802.2,0
0281,Female,54,Spain,5,142384.94,2,0,0,15510.66,1
0282,Female,53,Germany,8,64885.45,2,0,1,13058.54,0
0283,Female,41,Germany,3,109248.97,1,0,1,118427.98,1
0284,Male,48,Germany,7,148390.23,3,1,0,28820.68,1
0285,Female,23,Germany,8,18270.39,1,0,1,75480.89,0
0286,Male,19,Germany,3,155585.82,2,1,0,94825.55,0
0287,Male,37,Spain,4,245294.46,1,1,0,69969.25,0
0288,Male,45,Spain,7,47526.91,4,1,0,13794.93,0
0289,Male,28,Spain,9,198148.78,3,0,0,119690.21,0
0290,Female,21,Spain,5,226974.7,1,1,1,11471.85,0
0291,Male,32,Germany,6,235925.4,4,1,0,116664.59,0
0292,Male,23,Germany,2,240033.9,3,0,0,135062.63,0
0293,Male,66,Germany,6,130364.91,4,0,1,70597.59,0
0294,Female,47,France,7,244326.98,3,1,0,84975.95,0
0295,Female,55,Spain,9,189327.55,1,0,1,76777.67,0
0296,Female,68,Spain,5,40417.86,4,0,0,64489.21,0
0297,Female,19,Germany,9,119225.03,2,0,0,134239.43,0
0298,Male,32,Spain,8,179582.79,4,0,0,135150.69,1
0299,Male,28,Spain,5,61835.08,3,1,0,57014.29,0
0300,Female,25,Germany,8,160153.8,1,0,0,96109.77,0
0301,Male,43,France,3,166650.12,3,0,0,139767.06,0
0302,Male,68,France,7,40674.94,4,0,1,144688.19,0
0303,Male,62,France,10,141271.33,4,1,0,81254.27,0
0304,Female,61,Germany,3,192906.73,2,1,1,73395.47,1
0305,Female,22,Spain,1,124723.92,1,0,1,49017.2,0
0306,Male,23,Germany,9,3025.78,1,0,0,144242.06,0
0307,Female,43,Germany,10,2259.62,4,1,1,29994.0,0
0308,Female,21,Spain,8,89257.34,1,0,0,91176.14,0
0309,Female,36,France,4,231548.52,2,0,1,49557.04,0
0310,Female,37,France,3,57169.19,3,1,0,49061.16,0
0311,Female,50,Germany,1,158590.92,1,0,1,66695.6,0
0312,Male,37,France,0,55518.97,4,0,1,149831.01,0
0313,Female,66,Germany,10,80417.5,3,1,0,17695.28,0
0314,Male,29,Germany,6,212010.52,3,1,1,90995.85,0
0315,Male,64,Spain,5,182215.36,2,0,0,21560.1,1
0316,Female,18,Spain,1,23849.82,4,1,0,31632.92,0
0317,Male,43,Spain,7,107175.51,1,0,0,71538.81,0
0318,Male,31,Germany,10,7292.44,4,0,0,81464.42,0
0319,Male,55,Spain,3,120222.54,3,0,0,46230.94,0
0320,Female,54,France,7,165608.5,4,1,1,54304.0,0
0321,Female,28,France,6,29625.66,1,1,1,22175.38,0
0322,Male,53,Germany,4,72221.23,1,0,1,52450.77,0
0323,Female,30,Germany,9,99459.16,2,0,0,145318.18,0
0324,Female,60,Spain,9,229882.76,1,1,1,142259.03,0
0325,Female,20,Germany,7,248313.75,1,1,1,56882.96,0
0326,Female,50,Germany,8,11227.82,4,1,1,89919.55,0
0327,Male,23,France,4,190251.98,4,0,1,137343.35,0
0328,Male,67,France,9,92931.02,3,1,1,10865.74,0
0329,Female,27,Spain,4,98114.55,2,1,0,123495.7,0
0330,Female,22,Germany,1,188566.24,4,0,0,142771.74,0
0331,Male,40,Germany,4,229606.61,1,0,1,22785.6,0
0332,Male,27,France,2,237732.15,3,0,0,32602.68,1
0333,Female,61,Germany,6,144280.65,4,1,0,144504.48,0
0334,Male,19,France,9,89280.29,2,0,1,85255.62,0
0335,Female,30,Spain,4,196887.27,2,0,1,11987.53,0
0336,Female,57,France,7,62750.35,3,0,0,46068.48,1
0337,Male,19,Germany,0,141018.51,3,0,1,72992.11,0
0338,Male,37,Spain,2,89644.62,3,1,0,107007.25,0
0339,Female,18,France,2,164157.77,3,0,0,112642.45,0
0340,Female,54,France,8,60099.73,3,1,1,149359.01,0
0341,Male,26,Spain,4,47898.24,1,1,0,50251.57,0
0342,Female,34,Spain,8,229559.77,1,1,0,85350.81,0
0343,Male,26,France,8,25450.92,4,0,0,84665.3,1
0344,Female,28,Germany,0,126489.48,2,1,1,66790.34,1
0345,Male,32,France,1,55213.2,1,0,1,33682.67,0
0346,Male,41,Spain,4,9732.49,1,0,1,146843.92,0
0347,Male,55,France,3,9004.7,1,0,1,129464.41,1
0348,Female,52,Spain,9,43805.44,4,1,0,79766.62,0
0349,Female,47,Spain,8,216692.59,3,0,1,94454.36,0
0350,Male,48,Germany,6,70619.69,4,0,1,41816.55,0
0351,Female,66,Spain,5,237614.79,2,0,1,86130.19,0
0352,Male,22,Spain,6,145405.57,2,1,1,107295.82,0
0353,Male,61,Germany,0,109153.55,2,1,0,82123.38,0
0354,Female,67,Spain,0,145022.21,2,1,0,148639.92,0
0355,Female,31,Germany,7,129174.6,1,0,0,95587.83,0
0356,Male,28,Germany,1,189694.06,1,1,1,61936.32,0
0357,Female,26,Spain,9,70624.02,4,0,1,118101.28,0
0358,Female,51,Spain,10,88262.6,3,0,0,33864.75,1
0359,Male,29,France,8,223523.58,2,1,1,63832.21,0
0360,Male,52,Germany,6,236614.13,4,0,1,58574.25,0
0361,Female,52,France,5,223139.56,1,1,0,70452.99,1
0362,Male,18,Spain,0,104862.0,1,0,0,119449.18,1
0363,Male,57,France,0,195091.38,3,1,1,77784.22,0
0364,Female,39,Germany,1,119083.93,3,0,1,121162.02,0
0365,Male,46,France,5,124384.96,3,0,1,90708.45,0
0366,Male,25,Germany,5,51170.03,4,0,0,57889.72,1
0367,Female,28,Spain,1,147782.58,1,0,0,123397.02,1
0368,Female,58,Spain,0,46533.97,1,0,0,43360.55,1
0369,Male,54,Germany,9,82891.17,3,1,0,41413.62,0
0370,Male,31,Spain,4,213757.55,2,0,1,80630.41,0
0371,Female,47,Spain,4,51768.95,3,1,0,46518.89,0
0372,Female,52,Spain,1,17789.57,4,1,0,11272.18,0
0373,Female,38,Spain,5,17251.9,3,1,1,100761.65,0
0374,Female,54,Germany,8,235196.13,3,0,1,81553.14,0
0375,Male,22,France,1,126730.11,4,0,1,72372.49,0
0376,Female,36,France,9,102353.02,3,0,0,145375.59,0
0377,Female,31,Spain,1,202719.65,1,1,1,89967.89,0
0378,Male,43,France,2,208956.48,2,0,1,130880.42,0
0379,Female,21,France,6,83047.76,3,0,0,29523.03,0
0380,Male,42,Spain,5,173404.51,4,1,0,89688.9,0
0381,Female,62,Spain,7,192780.7,2,1,1,131517.15,0
0382,Female,59,France,7,163662.67,4,1,0,91634.81,0
0383,Female,42,Germany,5,37898.77,2,1,1,110521.98,1
0384,Male,35,Spain,10,218970.77,2,1,1,62086.1,0
0385,Male,57,Germany,9,134773.64,3,1,0,22942.93,0
0386,Female,25,France,2,70618.11,1,0,1,74106.04,0
0387,Male,56,Spain,2,106307.05,3,1,0,65227.11,0
0388,Male,57,Germany,0,9392.77,4,0,0,131388.43,1
0389,Male,31,Spain,6,31966.7,4,0,0,44159.34,0
0390,Male,49,France,4,191386.69,2,0,1,145342.79,1
0391,Male,68,Germany,3,2.91,2,1,0,144139.34,0
0392,Male,55,France,9,104141.46,1,0,0,44668.43,1
0393,Female,50,France,3,130627.55,3,1,1,58727.27,0
0394,Female,40,Spain,3,13658.61,4,1,1,135377.8,1
0395,Male,32,Germany,5,243269.54,2,0,1,145327.11,0
0396,Female,50,France,7,56531.33,1,1,1,72081.47,0
0397,Female,42,France,7,76049.68,4,0,0,54939.59,0
0398,Female,34,Germany,4,75985.63,2,0,0,83653.16,1
0399,Female,50,France,5,57604.17,4,1,0,106287.69,0
0400,Male,64,France,3,368.46,1,0,1,48286.43,0
0401,Female,19,Germany,10,182336.2,1,0,1,113106.24,1
0402,Female,31,Germany,8,241711.37,4,0,0,17232.03,0
0403,Male,57,Germany,7,56073.37,3,1,1,16901.23,0
0404,Male,57,Germany,9,165761.8,4,0,1,64080.28,0
0405,Female,68,Spain,9,185474.08,2,1,0,59486.25,0
0406,Female,56,Germany,0,212106.34,3,1,0,54188.65,1
0407,Female,68,Spain,1,105657.3,2,0,1,78742.77,0
0408,Female,23,Spain,8,75732.73,4,0,1,54902.7,0
0409,Female,23,Spain,7,81323.78,3,1,1,36916.11,1
0410,Female,20,France,2,178155.33,2,1,0,53325.74,0
0411,Male,24,Spain,7,204194.87,4,0,0,146486.6,0
0412,Female,68,Spain,0,45403.49,4,0,0,67555.88,0
0413,Female,25,France,9,92735.25,3,1,0,72259.79,0
0414,Male,59,France,3,225485.05,4,1,0,90716.3,0
0415,Male,69,France,2,201673.38,1,1,1,147667.71,1
0416,Male,32,Germany,5,246214.6,2,1,1,43824.18,0
0417,Male,64,France,6,188562.06,2,1,1,105379.5,0
0418,Female,46,France,3,98298.8,4,0,0,110237.86,0
0419,Female,50,Spain,6,147659.46,4,1,0,95025.42,0
0420,Female,69,France,8,165253.56,1,1,0,22400.97,1
0421,Female,47,Germany,10,19613.95,3,0,1,104762.12,1
0422,Female,56,France,1,136124.24,4,0,0,18973.26,0
0423,Female,44,Germany,10,177330.21,4,1,0,93459.97,0
0424,Male,53,France,2,41830.33,4,1,1,113541.36,0
0425,Female,46,France,4,195157.93,4,0,0,39535.78,0
0426,Male,55,France,2,145943.2,2,1,1,127827.08,0
0427,Male,50,France,10,238055.45,4,1,0,14249.53,0
0428,Female,54,Germany,7,10605.57,2,0,0,128133.8,0
0429,Male,44,Germany,9,66331.53,4,1,1,74446.07,0
0430,Female,50,Spain,7,150388.47,3,0,1,40462.31,0
0431,Male,21,Germany,7,74139.98,1,0,1,28728.94,0
0432,Female,39,France,8,178606.04,3,0,1,143463.0,0
0433,Male,19,Spain,3,189751.32,4,0,1,20173.18,0
0434,Female,27,Spain,4,25628.99,4,1,1,37873.08,0
0435,Female,22,Spain,4,128463.62,4,0,0,58695.13,1
0436,Female,27,France,7,127222.64,3,1,0,96832.88,0
0437,Female,50,Germany,6,92320.19,4,1,1,86272.15,0
0438,Female,55,France,8,233231.22,3,1,0,27590.09,0
0439,Male,30,Spain,7,206876.58,2,1,1,50561.92,1
0440,Male,48,France,1,174302.35,1,1,0,43425.25,1
0441,Male,64,France,9,178581.66,1,0,1,39896.0,0
0442,Female,53,Germany,3,115429.04,3,0,0,67560.21,0
0443,Male,62,Germany,5,230248.63,2,0,0,108564.4,1
0444,Female,41,Spain,1,173648.86,3,0,0,40443.41,0
0445,Female,69,France,6,182245.27,2,1,0,61335.04,0
0446,Male,32,France,2,215422.73,4,0,0,64728.44,0
0447,Male,46,Germany,2,68517.9,2,1,1,146703.91,0
0448,Female,25,France,10,201767.73,2,1,1,143653.29,0
0449,Male,22,France,1,48810.15,2,0,1,122019.26,0
0450,Female,46,France,10,86335.49,1,0,0,43832.25,0
0451,Female,64,Germany,7,83902.61,2,0,1,19525.22,1
0452,Female,21,Spain,5,244631.37,4,0,0,54366.58,0
0453,Female,29,Spain,0,214134.31,4,1,0,47351.24,1
0454,Female,62,France,0,175292.47,4,1,0,80829.61,0
0455,Male,19,Spain,6,181764.19,2,0,1,118881.91,0
0456,Male,44,Germany,7,140518.2,3,1,0,130165.21,0
0457,Female,48,Germany,4,236772.67,3,1,1,128280.97,1
0458,Female,68,Spain,10,124064.69,4,1,1,60354.58,0
0459,Male,68,Spain,4,95129.43,1,0,0,106212.81,0
0460,Male,53,France,3,40758.83,3,1,0,53796.79,1
0461,Female,53,Spain,5,196551.41,2,0,1,18526.78,0
0462,Male,43,France,5,183610.98,3,0,1,108219.14,1
0463,Female,60,France,2,96088.76,4,1,1,11375.86,0
0464,Male,44,Germany,8,6298.35,1,1,1,67285.56,1
0465,Female,22,Germany,10,209749.33,3,0,1,56113.1,0
0466,Male,37,Germany,6,2854.5,3,1,1,107072.86,0
0467,Female,28,Germany,0,175924.94,4,1,0,117274.37,0
0468,Male,27,Spain,6,242564.28,1,0,1,52573.25,0
0469,Male,57,Germany,4,109415.33,1,0,1,123627.78,0
0470,Female,55,Spain,4,58743.35,4,0,1,51148.35,0
0471,Male,23,Germany,1,176217.75,2,0,1,72485.69,0
0472,Female,25,Spain,3,204282.04,3,1,0,111782.59,0
0473,Male,40,France,5,136607.58,2,1,0,107008.83,0
0474,Female,64,Spain,9,241758.82,3,0,1,148231.59,0
0475,Male,43,Spain,10,12917.18,3,0,1,41522.54,1
0476,Female,63,Germany,6,126198.9,2,0,1,102724.51,0
0477,Male,60,Spain,10,179613.49,4,1,0,95355.47,0
0478,Female,29,France,4,215660.12,4,0,0,138113.78,0
0479,Male,43,France,8,44813.9,3,1,0,31890.7,0
0480,Female,30,Germany,2,200000.87,4,0,0,115251.74,0
0481,Female,57,France,0,138176.77,3,0,0,89557.61,0
0482,Female,35,Spain,3,99138.42,4,0,0,48453.22,0
0483,Male,42,France,8,32928.76,3,1,1,76420.89,1
0484,Female,50,Germany,3,216323.94,4,1,0,56728.72,0
0485,Male,64,Spain,1,39318.3,1,1,0,91103.88,0
0486,Female,57,Germany,9,77446.96,2,0,1,134460.09,0
0487,Male,60,Spain,4,72511.38,1,1,0,89702.7,0
0488,Female,29,France,2,217853.51,2,1,1,98441.14,0
0489,Male,61,Germany,8,168175.75,2,0,0,82624.7,0
0490,Male,53,Germany,3,199170.35,3,0,1,17163.17,0
0491,Female,65,Spain,5,62616.97,2,1,1,42600.2,0
0492,Male,21,Germany,1,156218.52,1,1,1,78880.24,0
0493,Male,22,Spain,5,142936.5,1,1,1,53432.94,0
0494,Female,54,Spain,2,208207.59,4,1,1,35446.9,1
0495,Male,25,Spain,8,226521.77,1,0,0,80578.6,0
0496,Male,59,Spain,10,3039.19,4,0,0,55193.37,1
0497,Male,66,France,1,168504.98,2,0,1,46135.07,1
0498,Female,45,Spain,8,12958.95,1,1,1,74957.96,0
0499,Male,48,Germany,4,137214.67,2,1,1,28659.8,0
0500,Female,26,France,7,71908.18,1,0,0,139884.4,0
0501,Male,68,Germany,1,76694.15,1,0,1,131478.29,1
0502,Male,46,France,5,88239.63,4,1,1,109066.88,0
0503,Male,31,Spain,2,155323.11,2,1,1,24869.94,0
0504,Female,57,France,9,83512.49,1,0,1,118622.82,0
0505,Male,58,France,4,183174.76,3,0,0,123114.03,1
0506,Male,39,Germany,7,101131.85,2,0,1,117487.05,0
0507,Female,28,Germany,9,17088.3,2,1,1,25955.22,1
0508,Male,40,Spain,0,195939.96,2,1,0,100147.11,0
0509,Female,18,France,4,71439.58,4,1,1,126805.47,0
0510,Female,63,France,2,108191.72,3,1,1,90829.48,0
0511,Male,54,France,3,171360.97,2,1,0,100497.03,0
0512,Female,38,Spain,1,83114.04,1,1,0,74170.89,0
0513,Male,43,Spain,8,14146.41,1,0,0,84019.02,0
0514,Female,63,Spain,2,93480.26,4,0,1,14812.76,1
0515,Female,53,Spain,1,236112.15,1,1,1,99454.82,0
0516,Male,40,Spain,9,160433.6,2,0,0,21402.61,1
0517,Female,18,Germany,10,167869.79,1,1,0,70902.04,0
0518,Female,68,France,8,158070.54,2,0,0,50971.71,1
0519,Female,57,France,6,49748.03,1,1,1,86359.91,0
0520,Female,32,France,5,104583.47,3,0,1,28678.29,1
0521,Female,38,France,0,187734.95,4,0,0,106830.08,1
0522,Male,64,France,4,25343.22,4,1,1,121301.62,0
0523,Female,26,France,10,69463.19,3,1,0,32869.62,0
0524,Male,26,France,10,69079.78,3,0,1,24603.83,0
0525,Female,27,France,2,108004.73,4,0,1,30372.17,0
0526,Male,69,Germany,0,245092.19,3,1,1,132797.86,1
0527,Male,43,France,3,16875.64,2,0,1,83946.5,0
0528,Female,58,Germany,1,129675.25,1,1,0,75416.54,0
0529,Female,52,Spain,1,44841.17,4,1,1,24939.65,0
0530,Female,69,France,2,242669.14,3,0,1,100937.84,1
0531,Male,42,Spain,7,28325.88,2,1,0,131519.94,1
0532,Female,43,Spain,7,100900.25,4,0,1,125946.02,0
0533,Male,28,Spain,6,184471.25,3,0,0,97647.66,0
0534,Male,55,Germany,5,176138.61,4,1,0,20539.02,0
0535,Male,19,Spain,8,105682.16,3,0,1,25735.58,0
0536,Female,24,Spain,3,86631.04,4,1,1,16903.26,0
0537,Female,35,Spain,0,99403.09,2,1,0,46047.09,0
0538,Male,44,France,7,66069.07,2,1,0,28992.61,0
0539,Male,51,France,6,51333.23,1,0,0,46406.73,0
0540,Female,44,Germany,6,120759.92,4,1,1,63908.13,0
0541,Male,34,Germany,2,67133.44,1,0,0,142017.59,0
0542,Female,60,France,3,71865.42,4,1,0,95452.65,0
0543,Male,61,Germany,9,164189.02,3,1,0,126896.33,0
0544,Female,68,France,8,242134.33,3,1,1,109449.21,0
0545,Male,41,Spain,5,150909.3,1,0,0,25750.44,0
0546,Female,42,Spain,4,19244.87,4,0,1,113028.86,0
0547,Male,24,Germany,2,18895.9,1,1,1,48513.84,0
0548,Female,69,France,8,237855.81,2,1,0,99475.1,1
0549,Female,23,France,4,74322.7,1,0,1,57734.68,0
0550,Male,41,Germany,4,23016.75,1,0,0,149674.12,0
0551,Male,50,France,3,149761.15,3,0,1,46897.21,0
0552,Female,66,Spain,3,155912.19,1,1,1,49078.27,0
0553,Male,46,Germany,0,162126.21,4,0,0,140294.12,0
0554,Female,60,Germany,6,66850.51,3,1,0,13450.22,0
0555,Male,39,France,8,3777.67,1,0,0,107536.46,0
0556,Female,43,Germany,2,241253.84,2,1,1,111545.69,0
0557,Female,45,France,1,62723.26,1,1,1,127093.0,0
0558,Female,67,France,2,169006.57,1,1,0,146421.5,0
0559,Female,38,France,0,176657.47,1,0,0,146584.27,0
0560,Female,66,France,5,152501.85,3,0,1,19138.75,0
0561,Female,24,France,10,78226.85,4,0,1,125057.51,0
0562,Male,34,Germany,10,67774.06,2,1,1,100483.39,1
0563,Male,37,Spain,6,149417.07,1,1,0,100627.9,0
0564,Male,58,Spain,10,216523.91,4,0,1,27968.99,0
0565,Female,66,Germany,10,236683.43,4,1,0,101026.2,1
0566,Female,37,Germany,1,26476.45,3,1,1,147547.56,0
0567,Female,39,Spain,7,38707.15,2,1,1,137654.6,0
0568,Female,45,Spain,5,236184.06,3,0,0,71478.29,0
0569,Male,57,Spain,3,184133.81,4,1,0,15592.72,1
0570,Male,66,Spain,4,220748.46,4,0,0,60721.09,1
0571,Female,24,Spain,7,50658.16,4,0,1,125694.64,0
0572,Male,18,France,2,146896.47,3,0,1,108209.87,0
0573,Male,49,Germany,2,175284.9,2,0,1,74308.11,0
0574,Female,30,France,10,170027.97,1,0,0,17714.21,0
0575,Male,47,Spain,3,102037.92,3,1,1,69765.26,0
0576,Female,40,Spain,0,3848.72,4,0,0,75663.49,0
0577,Male,68,Spain,8,145731.51,3,0,0,139997.77,0
0578,Female,36,France,7,63275.38,4,0,0,99752.05,0
0579,Female,49,France,7,112563.56,1,1,1,53631.41,0
0580,Female,47,Spain,9,239395.25,1,1,1,83544.56,0
0581,Female,46,France,5,99758.83,2,1,0,19247.74,0
0582,Male,66,France,6,209950.4,4,1,1,146159.55,1
0583,Female,62,Spain,5,47135.15,2,0,0,60408.39,0
0584,Female,46,France,8,168115.12,2,0,0,76901.43,0
0585,Female,47,Germany,2,244251.74,1,1,1,59739.76,0
0586,Male,33,Germany,2,25473.28,3,1,0,105551.64,0
0587,Female,57,Germany,2,2079.99,3,1,0,102712.5,1
0588,Male,36,Germany,9,108395.7,2,1,1,110145.12,0
0589,Female,35,Spain,2,23156.37,1,0,0,47540.05,0
0590,Male,18,Spain,8,187096.09,4,1,0,54193.59,0
0591,Male,31,Spain,3,228637.17,3,1,0,27535.17,0
0592,Female,68,Germany,6,108505.24,2,1,0,101771.4,1
0593,Male,64,Germany,8,64677.91,3,1,0,15571.6,0
0594,Female,67,France,10,108600.83,3,1,0,93675.53,0
0595,Female,19,France,6,180861.95,4,1,0,131757.42,0
0596,Female,45,Germany,8,2263.54,1,1,1,134716.5,0
0597,Male,66,Germany,2,147363.5,4,0,1,72865.29,1
0598,Male,67,Germany,3,153322.92,1,0,0,74302.52,0
0599,Female,47,Germany,7,159422.06,3,0,0,20775.69,1
0600,Female,55,France,5,60505.52,2,0,1,103907.1,0
0601,Male,68,Germany,4,178513.18,4,0,1,124976.32,0
0602,Female,21,France,3,22847.87,1,0,1,44251.71,0
0603,Female,18,Germany,7,49817.58,3,1,1,68982.12,0
0604,Female,25,Germany,0,219367.51,1,1,1,127437.51,0
0605,Male,46,Germany,8,184680.79,1,0,0,132796.87,0
0606,Male,56,France,0,3436.39,1,1,1,44045.2,0
0607,Male,20,France,7,62094.07,3,0,1,87079.89,0
0608,Female,49,Spain,3,53601.62,2,1,1,36949.04,0
0609,Female,27,Germany,8,67701.58,2,1,0,24263.03,0
0610,Female,27,Spain,10,61889.94,2,1,0,137556.87,0
0611,Male,36,Spain,4,15631.57,1,1,0,124871.05,0
0612,Female,63,France,2,114735.13,3,1,0,116404.89,0
0613,Female,51,France,8,183183.37,1,1,0,16827.28,1
0614,Female,50,Spain,10,151682.93,2,0,0,128122.03,0
0615,Female,40,Germany,8,168217.92,2,0,1,71326.17,1
0616,Male,45,France,3,20287.29,3,1,0,57935.32,0
0617,Male,49,Germany,10,237872.68,1,0,0,86506.69,0
0618,Female,67,Germany,3,209622.96,4,1,1,22789.45,0
0619,Male,24,Spain,7,201272.58,4,0,0,115930.52,0
0620,Male,46,Spain,1,205745.95,2,1,1,91540.91,0
0621,Female,25,Spain,8,233177.63,3,0,1,36122.61,0
0622,Female,18,Spain,5,136063.49,1,1,0,36352.51,0
0623,Male,20,France,8,50070.5,1,0,1,35794.81,0
0624,Female,41,France,7,154195.9,2,1,1,17980.33,0
0625,Male,40,Spain,6,185720.37,2,0,1,92291.78,1
0626,Female,25,France,0,184479.35,1,1,1,127648.74,0
0627,Male,64,Spain,2,130362.26,1,1,0,12449.75,0
0628,Female,54,Germany,10,17114.68,2,1,1,16860.65,0
0629,Male,20,Germany,1,92778.23,1,0,0,90187.84,0
0630,Male,68,Germany,4,230191.65,4,0,1,124729.4,0
0631,Male,50,Spain,4,146112.23,2,0,1,55743.44,0
0632,Female,45,Germany,4,134582.99,1,1,1,58946.02,1
0633,Male,64,France,3,67213.38,2,0,0,93488.51,0
0634,Male,25,Germany,4,92112.23,3,1,0,48389.8,0
0635,Female,51,Germany,2,223836.52,2,0,0,13725.17,1
0636,Female,52,Germany,0,166615.76,2,0,1,112931.99,1
0637,Male,49,France,4,196846.76,3,0,1,97590.99,0
0638,Male,41,Spain,8,113586.36,4,0,1,91305.84,1
0639,Female,31,France,8,157561.8,1,1,1,113835.78,0
0640,Female,49,Spain,3,62095.9,3,0,0,104532.32,1
0641,Female,63,Spain,2,176365.21,2,0,1,38823.48,0
0642,Female,60,Germany,0,106900.33,1,1,0,59347.35,0
0643,Female,33,Spain,1,110636.38,3,1,1,27655.42,0
0644,Male,21,France,7,162330.58,1,0,0,28179.98,0
0645,Female,69,France,0,234070.16,1,0,0,104667.4,0
0646,Male,54,Spain,7,16001.59,3,1,1,130204.01,0
0647,Male,38,Germany,6,206185.81,1,1,1,144782.56,0
0648,Male,31,Germany,7,73095.78,4,1,0,97968.6,0
0649,Female,48,France,5,110979.86,3,0,1,35774.19,0
0650,Male,65,Germany,8,5478.33,4,0,1,24791.05,0
0651,Male,35,Spain,2,75261.52,2,0,0,123799.14,0
0652,Female,24,Spain,9,125657.81,1,1,0,91025.91,0
0653,Male,27,France,3,14044.02,2,1,0,96559.9,1
0654,Male,24,Spain,5,122773.93,2,1,0,119404.69,0
0655,Female,50,France,7,231777.66,1,0,1,108458.81,0
0656,Male,40,Spain,4,26348.3,3,1,0,126824.16,0
0657,Male,38,France,2,191110.18,1,0,0,17869.95,0
0658,Male,36,Germany,5,102417.76,2,1,0,114652.89,0
0659,Female,65,Spain,3,163793.43,2,0,1,129119.39,0
0660,Female,36,Spain,8,65059.15,3,0,0,50058.91,1
0661,Female,53,France,2,39873.07,1,1,1,99662.62,0
0662,Male,46,France,3,40115.65,2,0,0,53982.69,0
0663,Male,35,Spain,6,17622.99,4,1,0,144115.95,0
0664,Female,19,France,6,46411.68,2,0,1,14679.3,1
0665,Male,18,Spain,3,166054.85,2,1,0,91171.0,0
0666,Male,64,Germany,5,220422.65,3,1,0,33310.5,0
0667,Female,22,France,2,203531.42,4,0,1,109710.83,0
0668,Female,37,Spain,5,171283.58,2,1,0,34624.64,0
0669,Male,28,Germany,1,27607.97,2,0,0,42953.66,0
0670,Male,59,Germany,7,72296.86,4,1,0,79211.91,0
0671,Male,19,Spain,1,77451.72,1,1,0,138076.89,1
0672,Female,20,France,10,62489.24,1,1,1,39640.01,0
0673,Female,40,Spain,6,128751.41,2,1,0,30193.6,0
0674,Female,29,Germany,8,133888.45,2,0,1,116256.76,0
0675,Female,37,Spain,0,89221.49,1,1,0,80086.73,0
0676,Male,22,France,7,88447.29,3,1,1,137649.92,0
0677,Female,54,Germany,6,207138.9,4,0,0,30526.04,0
0678,Female,55,Spain,5,197323.21,4,0,1,100429.91,0
0679,Female,47,France,5,76948.96,3,0,0,42603.08,0
0680,Female,26,Germany,5,228447.11,3,0,1,31946.46,0
0681,Female,51,France,8,238203.75,3,0,1,105680.12,0
0682,Male,61,Germany,1,81685.64,3,0,0,93115.85,1
0683,Male,52,Spain,0,88606.24,3,1,1,115675.84,0
0684,Female,69,France,5,126408.54,3,0,0,53324.76,0
0685,Male,39,Germany,9,235280.2,4,1,0,72716.03,0
0686,Female,61,France,10,219079.86,3,0,0,66766.03,0
0687,Female,41,France,7,25641.99,1,1,0,147772.52,1
0688,Male,34,Spain,2,98182.69,3,1,0,50914.85,0
0689,Male,27,France,9,138342.8,3,1,1,51274.41,0
0690,Female,47,Germany,0,125783.12,4,0,0,59636.75,0
0691,Female,63,Germany,8,48465.77,4,0,0,89043.17,0
0692,Female,40,Germany,0,214704.19,3,0,0,45325.18,0
0693,Male,49,Germany,2,169235.2,4,0,0,138140.59,0
0694,Female,34,Spain,7,209477.09,2,1,0,47195.98,1
0695,Female,67,France,2,214691.07,4,0,0,135414.2,1
0696,Female,68,Spain,3,187088.96,4,1,1,24486.51,0
0697,Male,34,France,7,109802.65,4,1,1,101918.78,0
0698,Female,31,France,0,152636.69,4,0,0,136977.97,1
0699,Female,26,France,5,40091.35,1,0,1,33624.92,0
0700,Male,57,Spain,0,168411.35,1,0,0,145565.77,0
0701,Female,19,France,0,44813.31,1,1,0,73403.67,0
0702,Female,62,Spain,7,173487.4,3,0,0,142400.12,1
0703,Male,42,Germany,10,57399.54,3,1,0,104754.81,1
0704,Female,56,Germany,3,29387.83,2,0,0,52222.16,0
0705,Male,26,France,0,41321.12,1,1,1,36362.35,0
0706,Male,39,Spain,9,498.03,3,0,1,52522.91,0
0707,Female,60,Germany,6,179684.9,4,0,1,23022.44,0
0708,Female,63,Spain,4,183100.26,4,1,1,30141.52,0
0709,Female,21,Spain,4,128733.34,1,0,0,24652.46,0
0710,Female,43,France,0,40340.7,2,0,1,69212.1,0
0711,Male,46,Germany,9,20888.58,2,0,0,121380.97,1
0712,Female,62,France,10,4782.24,4,0,1,29793.7,0
0713,Male,51,France,5,41437.04,2,0,1,28244.86,0
0714,Female,40,Germany,8,222713.88,1,0,1,100080.05,0
0715,Female,54,Germany,8,60384.21,4,0,1,37605.62,0
0716,Female,28,Spain,7,88567.83,3,1,0,23665.41,0
0717,Male,23,Germany,4,26336.37,3,1,1,33358.8,1
0718,Female,35,Spain,0,55590.33,2,0,1,139322.4,1
0719,Female,38,Spain,8,129806.14,4,0,0,125005.98,0
0720,Female,59,Spain,0,151938.17,4,0,0,59569.04,0
0721,Female,53,Germany,7,61338.08,3,1,1,101814.91,1
0722,Male,58,France,4,14433.04,4,1,0,85218.59,0
0723,Female,55,Spain,2,97758.22,4,0,0,104797.4,0
0724,Male,51,France,10,58550.84,4,1,0,105573.96,0
0725,Male,34,France,6,54888.48,2,0,1,98022.76,1
0726,Male,54,Germany,6,239965.7,4,0,0,47254.19,0
0727,Male,42,France,8,154075.12,1,0,1,15460.9,0
0728,Male,55,France,6,139219.61,2,0,1,73779.35,1
0729,Male,29,Germany,10,103943.78,4,1,1,134736.34,0
0730,Female,40,Spain,2,107236.08,4,1,1,89729.62,0
0731,Male,59,France,10,135226.25,1,0,0,126534.75,0
0732,Male,39,Germany,0,174107.45,2,1,1,148827.41,1
0733,Male,38,France,7,175536.52,3,1,0,32906.27,0
0734,Female,44,France,2,42923.48,3,0,1,106848.87,1
0735,Female,48,Spain,7,125028.19,2,1,0,104401.1,0
0736,Male,23,France,7,102989.52,4,0,1,147193.76,0
0737,Female,44,Germany,4,217631.74,4,0,0,147984.1,1
0738,Male,57,France,0,157854.73,3,0,1,106135.01,0
0739,Male,51,Spain,9,133126.02,3,0,1,44106.07,0
0740,Female,29,Spain,6,28848.66,3,1,0,121797.82,0
0741,Male,62,Germany,9,151409.47,1,0,1,24984.08,0
0742,Female,24,Spain,4,29300.98,3,1,1,119297.9,0
0743,Female,27,France,7,84301.64,1,0,1,137427.46,0
0744,Male,62,Spain,8,35710.49,2,0,0,63596.68,0
0745,Male,34,Germany,10,173018.41,4,1,1,98288.94,1
0746,Female,43,Spain,6,51563.03,3,0,1,70219.98,0
0747,Male,38,Spain,6,97964.84,4,1,0,71287.11,1
0748,Male,45,Spain,0,223918.69,4,1,0,53451.92,0
0749,Male,63,Germany,3,51079.1,3,0,0,116698.15,0
0750,Female,19,Spain,1,126951.27,3,0,0,141064.72,0
0751,Female,60,Spain,1,104817.92,2,0,0,141705.12,0
0752,Male,18,France,1,4531.01,1,0,1,34469.38,0
0753,Female,68,Germany,3,198189.53,1,0,1,132464.11,0
0754,Female,53,Spain,0,17261.48,4,0,1,113240.4,1
0755,Female,68,Germany,3,118563.76,3,1,0,45397.24,1
0756,Female,43,Spain,1,140169.57,2,1,1,19419.85,0
0757,Female,46,Spain,4,157106.61,2,0,0,47519.62,1
0758,Male,38,Spain,2,172157.91,2,1,0,137709.15,0
0759,Male,28,France,7,63318.1,2,1,1,98645.01,0
0760,Male,57,France,3,2494.69,2,0,0,110947.65,1
0761,Female,28,France,0,180860.92,1,0,0,46001.33,0
0762,Female,53,Germany,0,133914.15,1,1,1,110714.34,0
0763,Male,66,Germany,9,209029.43,1,0,0,13937.01,0
0764,Female,56,France,2,205347.09,3,1,0,62544.99,0
0765,Male,57,Germany,8,210831.54,4,0,1,97745.47,0
0766,Male,52,Spain,6,121273.66,2,1,0,30453.52,0
0767,Male,51,Spain,1,83407.1,3,1,0,125220.5,1
0768,Female,64,Spain,8,197889.55,2,1,1,42904.38,0
0769,Female,41,France,9,112823.53,1,1,1,101319.36,0
0770,Male,39,Germany,1,45860.55,3,0,1,66727.6,0
0771,Male,22,France,2,213743.5,1,0,1,93446.1,0
0772,Male,50,Germany,10,220639.97,2,1,0,25043.08,0
0773,Male,53,Spain,9,116577.44,2,1,0,12367.79,0
0774,Female,64,France,1,18924.93,4,0,1,137339.02,1
0775,Female,37,Germany,2,96956.52,2,0,0,47748.2,1
0776,Male,36,Germany,5,200884.41,1,1,0,124754.78,1
0777,Male,52,Spain,8,225443.51,2,1,1,149909.04,1
0778,Female,69,France,8,50868.19,4,1,1,39600.38,0
0779,Female,60,France,6,16743.4,4,1,0,47123.9,1
0780,Male,34,France,2,219337.61,1,1,1,102800.37,0
0781,Male,62,Spain,3,97351.23,3,0,1,145162.81,0
0782,Male,60,France,5,135440.24,2,1,1,138214.01,0
0783,Female,51,Spain,10,242016.45,4,0,0,80402.57,0
0784,Female,26,Spain,4,16641.18,2,0,1,121315.44,0
0785,Female,43,Spain,1,162079.5,2,0,0,29004.42,1
0786,Male,19,Germany,5,18526.36,3,1,0,146841.35,0
0787,Male,26,France,2,93867.23,4,0,0,145009.45,0
0788,Female,26,France,7,200953.64,2,0,1,32922.05,0
0789,Female,57,Spain,1,108368.06,4,0,1,51919.24,0
0790,Male,34,Spain,0,249295.59,1,0,1,24021.7,0
0791,Female,18,France,8,139764.82,1,1,1,48040.46,0
0792,Female,42,Spain,2,80290.54,2,1,1,124233.81,0
0793,Male,60,France,10,55027.83,4,0,0,62964.19,0
0794,Female,57,Germany,0,87630.13,2,0,0,22375.58,0
0795,Male,59,Spain,6,93133.32,4,1,0,57911.57,0
0796,Male,42,France,9,17178.42,4,1,1,147393.67,0
0797,Male,56,Spain,4,92393.55,3,1,0,98155.7,0
0798,Male,52,France,4,116059.63,3,0,0,68262.53,0
0799,Male,20,France,0,180684.44,3,1,1,33315.39,0
0800,Male,67,Spain,8,164182.37,2,0,1,148064.75,0
0801,Male,54,Germany,6,177191.41,3,0,0,124918.86,0
0802,Female,61,France,7,2090.92,3,1,0,49406.82,0
0803,Male,61,France,8,54416.85,1,0,1,19809.62,0
0804,Male,68,France,5,165421.07,4,1,1,17927.58,0
0805,Female,47,Germany,4,120997.34,4,0,1,26852.94,0
0806,Female,55,Germany,5,1328.37,3,1,1,91307.6,1
0807,Female,51,Spain,10,201123.66,4,0,0,140026.88,1
0808,Male,29,Germany,1,193202.39,1,0,0,79544.08,0
0809,Female,36,Spain,3,137104.79,1,1,1,128012.37,0
0810,Male,54,Spain,2,16615.83,3,1,0,72424.13,0
0811,Male,61,Germany,6,191628.76,1,1,0,109201.7,1
0812,Male,66,Spain,8,145928.4,4,1,1,112462.18,1
0813,Male,34,Germany,4,195489.99,2,0,0,34354.92,0
0814,Female,27,Spain,5,187936.75,4,1,0,60570.25,1
0815,Female,66,Germany,9,200750.52,2,1,0,99222.3,0
0816,Male,64,Germany,1,129502.02,3,0,1,19897.53,0
0817,Male,29,Spain,2,35081.13,2,1,1,60615.63,0
0818,Male,33,France,2,167789.37,1,1,0,84871.93,0
0819,Female,41,Spain,8,155118.45,4,0,1,149471.43,1
0820,Male,36,Germany,6,185563.3,2,1,1,76434.7,0
0821,Male,25,France,7,42470.25,4,1,1,124247.95,0
0822,Female,48,Spain,10,48743.8,3,1,0,70489.42,1
0823,Female,38,Spain,9,222602.38,3,1,0,121494.7,1
0824,Male,34,Spain,10,187494.45,1,1,1,93358.07,0
0825,Female,40,France,8,227057.12,3,1,0,134123.36,0
0826,Female,54,Germany,5,189678.83,2,0,0,67531.96,0
0827,Male,33,Spain,3,149288.83,3,1,0,94602.62,0
0828,Female,23,Spain,0,163533.18,1,0,0,98202.62,1
0829,Male,25,Spain,7,222281.98,4,0,0,68433.61,1
0830,Female,42,Spain,6,144701.69,4,0,1,30203.69,0
0831,Male,35,Spain,1,158097.83,3,0,0,23098.32,0
0832,Male,42,Germany,7,39119.18,2,1,0,12334.02,0
0833,Male,29,Germany,4,118480.31,1,1,0,132294.8,1
0834,Female,32,Spain,6,179099.28,2,1,1,43106.49,0
0835,Male,43,France,3,67735.67,1,0,1,39610.94,0
0836,Female,58,Germany,4,50563.55,3,1,1,113044.96,0
0837,Male,62,France,7,78456.7,1,1,0,54802.26,0
0838,Male,43,Germany,0,60375.16,1,1,1,80846.26,0
0839,Female,64,Spain,0,53728.16,3,0,1,32751.55,0
0840,Male,49,Germany,3,106212.71,2,0,1,144364.4,1
0841,Male,27,Spain,2,226959.63,3,1,1,129221.4,1
0842,Female,33,Germany,9,126764.91,1,0,0,130930.55,0
0843,Male,24,Spain,1,46980.1,3,0,1,66948.32,0
0844,Male,34,Spain,2,19242.92,1,1,1,116730.57,0
0845,Male,40,Spain,10,174039.04,3,0,0,30142.66,0
0846,Male,43,Spain,10,95699.69,4,0,0,11206.66,0
0847,Female,38,France,10,205457.74,4,1,1,12796.21,1
0848,Female,39,Spain,0,164877.69,3,0,0,92124.24,0
0849,Male,24,France,0,199060.36,2,0,1,73755.29,0
0850,Female,31,France,5,67986.51,1,0,0,82522.15,1
0851,Male,32,Spain,4,173089.73,4,0,0,11044.84,1
0852,Female,24,France,7,66015.5,2,0,1,69176.13,0
0853,Male,26,Germany,1,234767.12,1,0,0,110529.54,0
0854,Male,68,Spain,3,159093.57,4,0,1,71977.12,0
0855,Male,65,France,7,81127.95,4,0,0,112510.69,0
0856,Male,25,Spain,5,67377.97,3,1,1,42622.66,0
0857,Male,67,Spain,0,47731.65,1,1,0,123839.88,0
0858,Male,40,Spain,3,173660.24,2,1,0,92380.37,1
0859,Female,46,France,0,54678.9,2,1,0,39506.83,0
0860,Male,35,Germany,1,148825.82,2,0,0,43140.87,0
0861,Female,48,Germany,4,66158.76,1,1,0,97924.27,0
0862,Male,47,France,7,165492.24,2,1,1,126191.54,0
0863,Female,69,Spain,7,203734.93,2,0,0,68187.89,1
0864,Female,56,France,10,194506.31,2,0,1,46162.06,0
0865,Female,52,France,2,190212.83,3,0,1,131381.62,0
0866,Male,35,France,10,46930.6,3,0,1,103697.56,0
0867,Male,59,Spain,3,22096.24,1,0,0,72731.97,0
0868,Female,56,France,9,174737.21,1,1,1,78306.03,0
0869,Male,34,Spain,10,92086.8,2,0,0,38595.91,0
0870,Female,31,France,5,108086.56,3,1,1,97752.37,0
0871,Male,48,Germany,10,7787.27,4,1,1,60223.95,0
0872,Female,41,France,10,64894.11,4,0,1,149390.32,0
0873,Female,52,France,9,8419.1,2,1,1,77225.69,1
0874,Male,61,Germany,2,219796.44,2,1,1,78023.98,1
0875,Female,62,Spain,1,60849.17,3,0,0,89219.25,0
0876,Male,51,Spain,5,139334.29,3,1,1,138345.84,0
0877,Female,20,France,10,9744.83,3,1,1,122114.53,0
0878,Female,54,Germany,4,166711.85,1,1,0,73158.21,0
0879,Male,60,Spain,9,80756.84,1,0,0,110617.9,0
0880,Male,57,France,4,224479.8,2,0,0,92072.97,1
0881,Male,43,Germany,9,222029.55,1,0,1,78931.39,1
0882,Female,40,Spain,4,81322.65,3,1,1,36924.21,0
0883,Male,61,Spain,9,225240.22,3,0,1,74951.08,0
0884,Female,56,Germany,4,249039.42,1,1,1,44414.6,1
0885,Female,32,Germany,2,206353.92,4,0,1,138077.9,1
0886,Male,66,Germany,6,211217.84,2,1,1,56956.95,0
0887,Male,21,Germany,5,62252.18,4,0,0,143316.96,0
0888,Female,46,France,3,144175.6,2,0,0,84627.74,0
0889,Female,39,Germany,1,16813.98,4,1,1,98416.21,0
0890,Male,42,Spain,8,23729.48,1,0,1,86011.66,0
0891,Male,30,Spain,0,249723.15,2,1,1,28113.29,0
0892,Male,35,France,10,81659.81,2,0,1,62614.97,0
0893,Male,50,Spain,3,187045.98,2,0,1,23880.46,0
0894,Male,33,Spain,0,201666.26,3,1,0,97213.57,0
0895,Female,62,Germany,5,214505.82,3,1,0,72562.39,0
0896,Female,59,Spain,3,249407.07,4,1,1,118917.9,1
0897,Female,61,France,4,60374.12,1,0,0,40865.87,1
0898,Female,19,Germany,4,10087.71,3,1,1,33039.25,0
0899,Male,52,Germany,8,102797.88,2,0,1,66886.51,0
0900,Male,59,France,0,32520.17,3,1,1,139721.95,1
0901,Male,51,Germany,1,5606.47,1,1,0,109459.05,0
0902,Female,47,Germany,5,90106.71,3,1,0,68649.31,0
0903,Female,30,France,4,195934.56,2,1,1,82418.1,0
0904,Male,30,Germany,10,141545.17,4,1,0,21789.82,0
0905,Male,35,France,6,78194.5,2,1,0,147840.63,0
0906,Female,49,France,2,163585.5,1,0,1,103297.02,1
0907,Female,49,Spain,2,58004.55,4,1,0,49956.57,0
0908,Male,52,Spain,9,3595.36,3,0,0,92013.18,0
0909,Male,56,Germany,1,191088.35,3,1,1,25327.53,1
0910,Female,63,Germany,2,155935.77,3,1,1,145217.13,0
0911,Male,69,France,9,190575.66,4,1,0,34469.9,0
0912,Male,46,Germany,0,9734.5,2,0,1,100724.24,0
0913,Male,66,France,4,209279.91,4,0,0,44363.62,0
0914,Female,46,France,4,154881.55,4,1,1,110458.59,0
0915,Female,61,Germany,10,140848.84,1,0,1,118754.99,0
0916,Female,33,France,6,156153.51,4,1,1,104278.76,0
0917,Female,61,Spain,3,216108.31,3,1,1,96029.92,0
0918,Female,64,Germany,2,146734.13,2,0,0,134945.67,0
0919,Female,27,Spain,0,145237.59,2,0,1,21007.74,0
0920,Female,47,Germany,7,247669.79,2,0,1,56328.07,0
0921,Male,42,France,2,189182.54,3,0,1,44760.25,0
0922,Male,56,Germany,1,110573.45,3,1,0,148321.95,0
0923,Male,37,Spain,10,176849.25,3,0,0,64514.57,1
0924,Male,22,France,3,97307.62,3,0,1,112565.78,0
0925,Male,18,Germany,2,57218.87,3,1,1,105861.52,0
0926,Male,47,Germany,0,149212.97,4,0,1,39691.37,0
0927,Male,66,Germany,2,232045.52,3,0,1,43459.68,0
0928,Female,20,Spain,1,232284.88,3,0,1,49379.84,0
0929,Female,62,Spain,7,85476.32,3,0,1,67557.82,1
0930,Male,31,Germany,5,131919.37,3,1,0,42805.51,1
0931,Male,47,France,8,52908.97,2,1,1,12751.21,0
0932,Female,67,France,7,248907.78,3,0,1,133115.03,0
0933,Male,21,Spain,9,245279.48,4,0,1,145185.38,0
0934,Male,35,France,2,162377.23,4,1,1,57819.85,0
0935,Female,54,Spain,4,201103.51,4,0,1,57390.96,0
0936,Male,42,Germany,6,178775.04,1,0,1,10992.85,0
0937,Female,65,Spain,4,148289.55,2,0,0,105235.1,1
0938,Male,18,Spain,7,13337.0,3,0,0,125561.59,0
0939,Female,63,Germany,4,113691.09,1,0,0,30525.16,0
0940,Female,32,France,0,168696.58,3,0,0,32353.29,0
0941,Female,26,Spain,4,169382.9,1,0,0,120611.65,0
0942,Male,32,Spain,3,93280.65,1,0,0,96280.7,0
0943,Female,66,Germany,5,235423.0,4,0,1,16280.48,1
0944,Male,41,France,2,41839.26,4,1,1,97156.58,0
0945,Male,21,Spain,10,125089.86,1,1,1,53248.48,0
0946,Male,29,Germany,4,172720.99,4,1,1,61621.52,0
0947,Male,54,Spain,1,174283.95,1,0,1,117762.4,0
0948,Female,54,Germany,10,162159.74,2,0,1,123530.93,1
0949,Female,60,France,5,68822.05,4,1,0,66049.93,0
0950,Male,23,France,5,39051.64,4,0,1,142601.41,0
0951,Male,56,France,4,158985.08,4,1,0,66904.78,1
0952,Female,63,France,5,149825.53,2,0,0,118057.04,0
0953,Male,41,Spain,10,44839.0,1,1,1,77742.82,0
0954,Female,28,Spain,6,176284.79,3,1,1,135654.53,0
0955,Male,30,France,4,113793.0,4,1,1,137086.57,1
0956,Male,51,France,0,166940.15,1,0,1,22238.35,0
0957,Female,42,France,7,209341.77,2,1,1,141109.07,0
0958,Male,24,Spain,3,42432.11,3,0,1,125574.88,0
0959,Female,69,France,8,4786.22,4,0,1,120783.5,0
0960,Male,21,France,9,194775.65,2,0,0,38127.59,0
0961,Male,25,France,5,152424.36,2,0,1,122716.69,0
0962,Male,37,Germany,0,174909.89,3,0,1,129018.58,0
0963,Female,46,France,2,209538.74,1,0,0,50481.05,0
0964,Male,68,Germany,2,200702.73,4,0,1,143316.41,0
0965,Male,62,Germany,9,240230.04,4,1,1,16980.42,0
0966,Male,63,France,3,133983.77,1,1,0,30987.3,1
0967,Male,27,Germany,5,122123.91,1,1,1,85261.36,0
0968,Female,60,France,6,100471.8,1,0,1,90610.95,0
0969,Female,51,Spain,9,38422.76,3,0,1,100321.01,0
0970,Male,43,Spain,3,143151.81,3,0,1,12375.68,0
0971,Female,58,Spain,5,69253.13,4,0,1,144451.35,1
0972,Male,66,Spain,10,230326.88,3,1,1,16242.33,1
0973,Male,20,Germany,0,145797.7,2,0,0,30028.67,1
0974,Male,23,France,7,148210.05,4,1,1,11962.03,0
0975,Female,22,France,6,88731.17,3,0,1,89360.18,0
0976,Female,22,France,10,12997.34,1,1,0,140517.36,0
0977,Female,64,Spain,10,7935.94,2,0,0,103232.6,0
0978,Female,40,Spain,8,105833.79,1,1,1,125172.05,0
0979,Female,66,France,2,21141.34,4,0,0,11859.37,1
0980,Female,26,Spain,1,151711.74,1,1,1,85882.14,0
0981,Female,52,France,0,220243.25,3,0,1,74338.82,0
0982,Female,37,France,2,220728.7,3,1,0,79855.51,0
0983,Female,66,France,4,164761.35,4,1,1,20109.85,1
0984,Male,59,France,10,52807.96,1,0,1,105820.95,0
0985,Female,52,France,1,215749.21,4,1,0,80450.86,0
0986,Female,67,France,2,221523.36,1,0,0,117120.84,1
0987,Female,35,France,3,49163.4,2,0,0,77940.69,0
0988,Female,34,Spain,6,184356.52,3,0,0,30913.43,0
0989,Female,41,France,2,71629.89,4,1,1,100755.97,0
0990,Female,20,France,8,200660.08,2,1,0,34134.09,0
0991,Female,49,Spain,7,249309.47,2,0,0,132135.24,1
0992,Female,52,Spain,3,7506.5,4,0,0,95836.27,0
0993,Female,55,Spain,0,224341.47,4,1,0,32008.54,0
0994,Female,30,France,0,155657.63,2,1,0,144727.33,0
0995,Female,64,Germany,0,243345.65,1,1,1,82571.16,0
0996,Male,42,Germany,0,116252.38,2,0,0,20205.78,0
0997,Male,26,Spain,7,211846.98,4,0,1,97756.61,0
0998,Female,21,Germany,2,15598.52,2,0,0,45447.85,0
0999,Female,31,Spain,5,83819.76,1,0,0,122517.08,0
1000,Male,54,France,2,16754.13,3,0,0,124495.09,1
